{"cameraMode":{"drawMode":0,"name":"Shaded","section":"Shading Mode"},"sceneLighting":false,"audioPlay":false,"sceneViewState":{"showFog":false,"showMaterialUpdate":false,"showSkybox":false,"showFlares":false,"showImageEffects":false,"showParticleSystems":false},"in2DMode":false,"pivot":{"x":-12.27264404296875,"y":274.6091613769531,"z":110.18377685546875},"rotation":{"x":0.4402637183666229,"y":-0.01885288953781128,"z":0.009246913716197014,"w":0.8976229429244995},"size":22.0,"orthographic":false}